Title,Rating,Link
Radiohead: In Rainbows - From the Basement (2008),4.73,https://letterboxd.com/film/radiohead-in-rainbows-from-the-basement/
Band of Brothers (2001),4.72,https://letterboxd.com/film/band-of-brothers/
Harakiri (1962),4.69,https://letterboxd.com/film/harakiri/
Stop Making Sense (1984),4.68,https://letterboxd.com/film/stop-making-sense/
No Half Measures: Creating the Final Season of Breaking Bad (2013),4.68,https://letterboxd.com/film/no-half-measures-creating-the-final-season-of-breaking-bad/
Fullmetal Alchemist: Brotherhood (2009),4.68,https://letterboxd.com/film/fullmetal-alchemist-brotherhood/
Monster (2004),4.67,https://letterboxd.com/film/monster-2004/
When Life Gives You Tangerines (2025),4.65,https://letterboxd.com/film/when-life-gives-you-tangerines-2025/
Cowboy Bebop (1998),4.65,https://letterboxd.com/film/cowboy-bebop/
Twin Peaks (1989),4.64,https://letterboxd.com/film/twin-peaks/
Planet Earth II (2016),4.64,https://letterboxd.com/film/planet-earth-ii/
Samuel (2024),4.64,https://letterboxd.com/film/samuel-2024/
12 Angry Men (1957),4.63,https://letterboxd.com/film/12-angry-men/
Lady Gaga: MAYHEM on the Beach (2025),4.63,https://letterboxd.com/film/lady-gaga-mayhem-on-the-beach/
Planet Earth (2006),4.63,https://letterboxd.com/film/planet-earth-2006/
The Human Condition III: A Soldier's Prayer (1961),4.63,https://letterboxd.com/film/the-human-condition-iii-a-soldiers-prayer/
Fishmans: Otokotachi no Wakare 98.12.28 @ Akasaka Blitz (2005),4.62,https://letterboxd.com/film/fishmans-otokotachi-no-wakare-981228-akasaka-blitz/
One Piece Fan Letter (2024),4.62,https://letterboxd.com/film/one-piece-fan-letter/
Come and See (1985),4.62,https://letterboxd.com/film/come-and-see/
Over the Garden Wall (2014),4.62,https://letterboxd.com/film/over-the-garden-wall-2014/
National Theatre Live: Fleabag (2019),4.61,https://letterboxd.com/film/national-theatre-live-fleabag/
Avatar Spirits (2010),4.61,https://letterboxd.com/film/avatar-spirits/
Vinland Saga (2019),4.61,https://letterboxd.com/film/vinland-saga/
Twin Peaks: The Return (2017),4.61,https://letterboxd.com/film/twin-peaks-the-return/
Attack on Titan: THE LAST ATTACK (2024),4.61,https://letterboxd.com/film/attack-on-titan-the-last-attack/
Seven Samurai (1954),4.6,https://letterboxd.com/film/seven-samurai/
Dekalog (1989),4.6,https://letterboxd.com/film/dekalog/
Nirvana: Unplugged In New York (1993),4.6,https://letterboxd.com/film/nirvana-unplugged-in-new-york/
High and Low (1963),4.6,https://letterboxd.com/film/high-and-low/
Berserk (1997),4.6,https://letterboxd.com/film/berserk-1997/
Ping Pong the Animation (2014),4.6,https://letterboxd.com/film/ping-pong-the-animation/
National Theatre Live: Prima Facie (2022),4.6,https://letterboxd.com/film/national-theatre-live-prima-facie/
Chernobyl (2019),4.59,https://letterboxd.com/film/chernobyl/
No Other Land (2024),4.59,https://letterboxd.com/film/no-other-land/
Attack on Titan The Final Chapters: Special 2 (2023),4.59,https://letterboxd.com/film/attack-on-titan-the-final-chapters-special-2/
The Godfather Part II (1974),4.59,https://letterboxd.com/film/the-godfather-part-ii/
The Shawshank Redemption (1994),4.58,https://letterboxd.com/film/the-shawshank-redemption/
Renaissance: A Film by Beyoncé (2023),4.58,https://letterboxd.com/film/renaissance-a-film-by-beyonce/
Attack on Titan The Final Chapters: Special 1 (2023),4.58,https://letterboxd.com/film/attack-on-titan-the-final-chapters-special-1-2023/
When They See Us (2019),4.57,https://letterboxd.com/film/when-they-see-us/
Frieren: Beyond Journey's End (2023),4.56,https://letterboxd.com/film/frieren-beyond-journeys-end/
Tapping the Wire (2007),4.56,https://letterboxd.com/film/tapping-the-wire/
Alice In Chains: MTV Unplugged (1996),4.56,https://letterboxd.com/film/alice-in-chains-mtv-unplugged/
City of God (2002),4.56,https://letterboxd.com/film/city-of-god/
The Human Condition I: No Greater Love (1959),4.55,https://letterboxd.com/film/the-human-condition-i-no-greater-love/
Absolutely (2021),4.55,https://letterboxd.com/film/absolutely-2021/
Night and Fog (1956),4.55,https://letterboxd.com/film/night-and-fog/
The Pop Out: Ken & Friends (2024),4.54,https://letterboxd.com/film/the-pop-out-ken-friends/
The Beatles: Get Back (2021),4.54,https://letterboxd.com/film/the-beatles-get-back/
Paris Is Burning (1990),4.54,https://letterboxd.com/film/paris-is-burning/
Yi Yi (2000),4.54,https://letterboxd.com/film/yi-yi/
Blue Planet II (2017),4.54,https://letterboxd.com/film/blue-planet-ii/
Attack on Titan: Chronicle (2020),4.54,https://letterboxd.com/film/attack-on-titan-chronicle/
Parasite (2019),4.54,https://letterboxd.com/film/parasite-2019/
Neon Genesis Evangelion (1995),4.54,https://letterboxd.com/film/neon-genesis-evangelion/
Scavengers Reign (2023),4.54,https://letterboxd.com/film/scavengers-reign/
Fanny and Alexander (1984),4.54,https://letterboxd.com/film/fanny-and-alexander-1984/
Schindler's List (1993),4.53,https://letterboxd.com/film/schindlers-list/
The Lord of the Rings: The Return of the King (2003),4.53,https://letterboxd.com/film/the-lord-of-the-rings-the-return-of-the-king/
Jeff Buckley: Live in Chicago (2000),4.53,https://letterboxd.com/film/jeff-buckley-live-in-chicago/
NANA (2006),4.53,https://letterboxd.com/film/nana-2006/
The Godfather (1972),4.53,https://letterboxd.com/film/the-godfather/
Cosmos: A Personal Voyage (1980),4.53,https://letterboxd.com/film/cosmos-a-personal-voyage/
DJ Mehdi: Made in France (2024),4.52,https://letterboxd.com/film/dj-mehdi-made-in-france/
Shoah (1985),4.52,https://letterboxd.com/film/shoah/
Adventure Time (2007),4.52,https://letterboxd.com/film/adventure-time/
Reply 1988 (2015),4.52,https://letterboxd.com/film/reply-1988/
Ikiru (1952),4.51,https://letterboxd.com/film/ikiru/
One Crazy Summer: A Look Back at Gravity Falls (2018),4.51,https://letterboxd.com/film/one-crazy-summer-a-look-back-at-gravity-falls/
Samurai Champloo (2004),4.51,https://letterboxd.com/film/samurai-champloo/
Nirvana the Band the Show (2007),4.51,https://letterboxd.com/film/nirvana-the-band-the-show/
Ran (1985),4.51,https://letterboxd.com/film/ran/
Nathan for You: Finding Frances (2017),4.5,https://letterboxd.com/film/nathan-for-you-finding-frances/
La Haine (1995),4.5,https://letterboxd.com/film/la-haine/
"The Good, the Bad and the Ugly (1966)",4.5,https://letterboxd.com/film/the-good-the-bad-and-the-ugly/
25th Anniversary Studio Ghibli Concert (2008),4.5,https://letterboxd.com/film/25th-anniversary-studio-ghibli-concert/
Our Planet (2019),4.5,https://letterboxd.com/film/our-planet/
A Brighter Summer Day (1991),4.5,https://letterboxd.com/film/a-brighter-summer-day/
The Strokes: MTV $2 Bill Concert (2002),4.5,https://letterboxd.com/film/the-strokes-mtv-2-bill-concert/
Le Trou (1960),4.5,https://letterboxd.com/film/le-trou/
"As I Was Moving Ahead, Occasionally I Saw Brief Glimpses of Beauty (2000)",4.5,https://letterboxd.com/film/as-i-was-moving-ahead-occasionally-i-saw/
Cinema Paradiso (1988),4.49,https://letterboxd.com/film/cinema-paradiso/
Folklore: The Long Pond Studio Sessions (2020),4.49,https://letterboxd.com/film/folklore-the-long-pond-studio-sessions/
MTV Unplugged: Fiona Apple (1997),4.49,https://letterboxd.com/film/mtv-unplugged-fiona-apple/
The Nightman Cometh: Live (2009),4.49,https://letterboxd.com/film/the-nightman-cometh-live-2009/
The Tatami Galaxy (2010),4.49,https://letterboxd.com/film/the-tatami-galaxy/
The World at War (1973),4.49,https://letterboxd.com/film/the-world-at-war/
Taylor Swift: Reputation Stadium Tour (2018),4.49,https://letterboxd.com/film/taylor-swift-reputation-stadium-tour/
Autumn Sonata (1978),4.48,https://letterboxd.com/film/autumn-sonata/
The Dark Knight (2008),4.48,https://letterboxd.com/film/the-dark-knight/
Johanne Sacreblu (2025),4.48,https://letterboxd.com/film/johanne-sacreblu/
I May Destroy You (2020),4.48,https://letterboxd.com/film/i-may-destroy-you/
The History of the Seattle Mariners (2020),4.48,https://letterboxd.com/film/the-history-of-the-seattle-mariners/
Arcane: Bridging the Rift (2022),4.48,https://letterboxd.com/film/arcane-bridging-the-rift/
VOLCANO (2023),4.48,https://letterboxd.com/film/volcano-2023-1/
Grave of the Fireflies (1988),4.47,https://letterboxd.com/film/grave-of-the-fireflies/
Neon Genesis Evangelion: The End of Evangelion (1997),4.47,https://letterboxd.com/film/neon-genesis-evangelion-the-end-of-evangelion/
BLUE EYE SAMURAI (2023),4.47,https://letterboxd.com/film/blue-eye-samurai/
Okupas (2000),4.47,https://letterboxd.com/film/okupas/
Daft Punk - Alive 2007 - Live Album Concert in Paris (2007),4.47,https://letterboxd.com/film/daft-punk-alive-2007-live-album-concert-in-paris/
O.J.: Made in America (2016),4.47,https://letterboxd.com/film/oj-made-in-america/
The Vietnam War (2017),4.47,https://letterboxd.com/film/the-vietnam-war/
Woman in the Dunes (1964),4.47,https://letterboxd.com/film/woman-in-the-dunes/
The 1975 'At Their Very Best' Live from Madison Square Garden (2022),4.46,https://letterboxd.com/film/the-1975-at-their-very-best-live-from-madison-square-garden/
Kendrick Lamar Live: The Big Steppers Tour (2022),4.46,https://letterboxd.com/film/kendrick-lamar-live-the-big-steppers-tour/
The Human Condition II: Road to Eternity (1959),4.46,https://letterboxd.com/film/the-human-condition-ii-road-to-eternity/
GoodFellas (1990),4.46,https://letterboxd.com/film/goodfellas/
There Will Be Blood (2007),4.46,https://letterboxd.com/film/there-will-be-blood/
The Penguin (2024),4.46,https://letterboxd.com/film/the-penguin-2024/
Panic! at the Disco: Live in Denver (2006),4.46,https://letterboxd.com/film/panic-at-the-disco-live-in-denver/
My Chemical Romance: The Black Parade Is Dead! (2008),4.45,https://letterboxd.com/film/my-chemical-romance-the-black-parade-is-dead/
Portishead: Roseland New York (1998),4.45,https://letterboxd.com/film/portishead-roseland-new-york/
Mario Puzo's The Godfather: The Complete Novel for Television (1977),4.45,https://letterboxd.com/film/mario-puzos-the-godfather-the-complete-novel-for-television/
Paths of Glory (1957),4.45,https://letterboxd.com/film/paths-of-glory/
Spirited Away (2001),4.45,https://letterboxd.com/film/spirited-away/
The Last Dance (2020),4.44,https://letterboxd.com/film/the-last-dance-2020/
The Cranes Are Flying (1957),4.44,https://letterboxd.com/film/the-cranes-are-flying/
Madonna: The Celebration Tour in Rio (2024),4.44,https://letterboxd.com/film/madonna-the-celebration-tour-in-rio/
Veneno (2020),4.44,https://letterboxd.com/film/veneno-2020/
Andrei Rublev (1966),4.44,https://letterboxd.com/film/andrei-rublev/
Planet Earth III (2023),4.44,https://letterboxd.com/film/planet-earth-iii/
"history of the entire world, i guess (2017)",4.44,https://letterboxd.com/film/history-of-the-entire-world-i-guess/
Scenes from a Marriage (1973),4.44,https://letterboxd.com/film/scenes-from-a-marriage-1973-1/
National Theatre Live: Angels In America — Part Two: Perestroika (2017),4.44,https://letterboxd.com/film/national-theatre-live-angels-in-america-part-two-perestroika/
Sherlock: The Reichenbach Fall (2012),4.44,https://letterboxd.com/film/sherlock-the-reichenbach-fall/
The Battle of Algiers (1966),4.44,https://letterboxd.com/film/the-battle-of-algiers/
Attack on Titan: The Roar of Awakening (2018),4.44,https://letterboxd.com/film/attack-on-titan-the-roar-of-awakening/
Apocalypse Now (1979),4.44,https://letterboxd.com/film/apocalypse-now/
The Apartment (1960),4.44,https://letterboxd.com/film/the-apartment/
The Trial (2017),4.44,https://letterboxd.com/film/the-trial-2017-2/
Where the Light Is: John Mayer Live in Los Angeles (2008),4.43,https://letterboxd.com/film/where-the-light-is-john-mayer-live-in-los/
Incendies (2010),4.43,https://letterboxd.com/film/incendies/
Tokyo Story (1953),4.43,https://letterboxd.com/film/tokyo-story/
Björk: Vespertine Live at the Royal Opera House (2001),4.43,https://letterboxd.com/film/bjork-vespertine-live-at-the-royal-opera/
Sunset Boulevard (1950),4.43,https://letterboxd.com/film/sunset-boulevard/
Brass Eye (1997),4.43,https://letterboxd.com/film/brass-eye/
Shōgun (2024),4.43,https://letterboxd.com/film/shogun-2024/
My Chemical Romance: Life on the Murder Scene (2006),4.43,https://letterboxd.com/film/my-chemical-romance-life-on-the-murder-scene/
Interstellar (2014),4.43,https://letterboxd.com/film/interstellar/
The Grand Tour: One For The Road (2024),4.43,https://letterboxd.com/film/the-grand-tour-one-for-the-road/
The Passion of Joan of Arc (1928),4.43,https://letterboxd.com/film/the-passion-of-joan-of-arc/
I Am Cuba (1964),4.43,https://letterboxd.com/film/i-am-cuba/
Steins;Gate (2011),4.43,https://letterboxd.com/film/steins-gate/
Smiling Friends (2020),4.43,https://letterboxd.com/film/smiling-friends/
Hannibal: This Is My Design (2014),4.43,https://letterboxd.com/film/hannibal-this-is-my-design/
The Ascent (1977),4.43,https://letterboxd.com/film/the-ascent/
Six Feet Under: In Memoriam (2005),4.42,https://letterboxd.com/film/six-feet-under-in-memoriam/
Move to Heaven (2021),4.42,https://letterboxd.com/film/move-to-heaven/
Whiplash (2014),4.42,https://letterboxd.com/film/whiplash-2014/
The Office Retrospective (2013),4.42,https://letterboxd.com/film/the-office-retrospective/
Fanny and Alexander (1982),4.42,https://letterboxd.com/film/fanny-and-alexander/
Revolutionary Girl Utena (1997),4.42,https://letterboxd.com/film/revolutionary-girl-utena/
Hoop Dreams (1994),4.42,https://letterboxd.com/film/hoop-dreams/
A Very Sunny Christmas (2009),4.42,https://letterboxd.com/film/a-very-sunny-christmas/
Portrait of a Lady on Fire (2019),4.42,https://letterboxd.com/film/portrait-of-a-lady-on-fire/
Mishima: A Life in Four Chapters (1985),4.42,https://letterboxd.com/film/mishima-a-life-in-four-chapters/
Laufey's A Night at the Symphony: Hollywood Bowl (2024),4.42,https://letterboxd.com/film/laufeys-a-night-at-the-symphony-hollywood/
National Theatre Live: Angels In America — Part One: Millennium Approaches (2017),4.42,https://letterboxd.com/film/national-theatre-live-angels-in-america-part-one-millennium-approaches/
Gintama: The Very Final (2021),4.42,https://letterboxd.com/film/gintama-the-very-final/
Garth Marenghi's Darkplace (2004),4.42,https://letterboxd.com/film/garth-marenghis-darkplace/
The Beatles: Get Back - The Rooftop Concert (2022),4.42,https://letterboxd.com/film/the-beatles-get-back-the-rooftop-concert/
The 5 Seconds of Summer Show (2021),4.42,https://letterboxd.com/film/the-5-seconds-of-summer-show/
The Lord of the Rings: The Two Towers (2002),4.42,https://letterboxd.com/film/the-lord-of-the-rings-the-two-towers/
Twenty One Pilots: Livestream Experience (2021),4.42,https://letterboxd.com/film/twenty-one-pilots-livestream-experience/
Serial Experiments Lain (1998),4.42,https://letterboxd.com/film/serial-experiments-lain/
Weak Hero (2022),4.42,https://letterboxd.com/film/weak-hero/
Red Hot Chili Peppers: Live at Slane Castle (2003),4.42,https://letterboxd.com/film/red-hot-chili-peppers-live-at-slane-castle/
Sansho the Bailiff (1954),4.42,https://letterboxd.com/film/sansho-the-bailiff/
National Theatre Live: Vanya (2024),4.42,https://letterboxd.com/film/national-theatre-live-vanya/
Memories of Murder (2003),4.42,https://letterboxd.com/film/memories-of-murder/
Close-Up (1990),4.42,https://letterboxd.com/film/close-up/
Baseball (1994),4.42,https://letterboxd.com/film/baseball/
BTS: Yet to Come in Cinemas (2023),4.42,https://letterboxd.com/film/bts-yet-to-come-in-cinemas/
It's a Wonderful Life (1946),4.41,https://letterboxd.com/film/its-a-wonderful-life/
"Vanisher, Horizon Scraper (2025)",4.41,https://letterboxd.com/film/vanisher-horizon-scraper/
Pink Floyd: Live at Pompeii (1972),4.41,https://letterboxd.com/film/pink-floyd-live-at-pompeii/
O Auto da Compadecida (1999),4.41,https://letterboxd.com/film/o-auto-da-compadecida/
Spider-Man: Across the Spider-Verse (2023),4.41,https://letterboxd.com/film/spider-man-across-the-spider-verse/
Tear Along the Dotted Line (2021),4.41,https://letterboxd.com/film/tear-along-the-dotted-line/
Sassy the Sasquatch (2022),4.41,https://letterboxd.com/film/sassy-the-sasquatch/
Captain Ahab: The Story of Dave Stieb (2022),4.41,https://letterboxd.com/film/captain-ahab-the-story-of-dave-stieb/
The Act of Killing (2012),4.41,https://letterboxd.com/film/the-act-of-killing/
Nyan~ Neko Sugar Girls (2010),4.41,https://letterboxd.com/film/nyan-neko-sugar-girls-2010/
Twinkling Watermelon (2023),4.41,https://letterboxd.com/film/twinkling-watermelon/
Normal People (2020),4.41,https://letterboxd.com/film/normal-people-2020/
Andor: A Disney+ Day Special Look (2022),4.41,https://letterboxd.com/film/andor-a-disney-day-special-look/
Game of Thrones The IMAX Experience (2015),4.4,https://letterboxd.com/film/game-of-thrones-the-imax-experience/
Stalker (1979),4.4,https://letterboxd.com/film/stalker/
The Red Shoes (1948),4.4,https://letterboxd.com/film/the-red-shoes/
Falsettos (2017),4.4,https://letterboxd.com/film/falsettos/
SEVENTEEN TOUR 'FOLLOW' TO JAPAN: LIVE VIEWING (2023),4.4,https://letterboxd.com/film/seventeen-tour-follow-to-japan-live-viewing/
James Acaster: Cold Lasagne Hate Myself 1999 (2020),4.4,https://letterboxd.com/film/james-acaster-cold-lasagne-hate-myself-1999/
ATEEZ WORLD TOUR [TOWARDS THE LIGHT : WILL TO POWER] IN CINEMAS (2025),4.4,https://letterboxd.com/film/ateez-world-tour-towards-the-light-will-to/
Do the Right Thing (1989),4.4,https://letterboxd.com/film/do-the-right-thing/
Next to Normal (2025),4.4,https://letterboxd.com/film/next-to-normal/
The Midnight Gospel (2020),4.4,https://letterboxd.com/film/the-midnight-gospel/
Spider-Man: Into the Spider-Verse (2018),4.4,https://letterboxd.com/film/spider-man-into-the-spider-verse/
The Blue Planet (2001),4.4,https://letterboxd.com/film/the-blue-planet/
Barry Lyndon (1975),4.4,https://letterboxd.com/film/barry-lyndon/
Nights of Cabiria (1957),4.4,https://letterboxd.com/film/nights-of-cabiria/
The Empire Strikes Back (1980),4.4,https://letterboxd.com/film/the-empire-strikes-back/
The Pianist (2002),4.4,https://letterboxd.com/film/the-pianist/
A Woman Under the Influence (1974),4.4,https://letterboxd.com/film/a-woman-under-the-influence/
Nobody Knows (2004),4.4,https://letterboxd.com/film/nobody-knows/
Tie Xi Qu: West of the Tracks (2002),4.4,https://letterboxd.com/film/tie-xi-qu-west-of-the-tracks/
Nirvanna the Band the Show the Movie (2025),4.4,https://letterboxd.com/film/nirvanna-the-band-the-show-the-movie/
Pearl Jam: MTV Unplugged (1992),4.4,https://letterboxd.com/film/pearl-jam-mtv-unplugged/
Adventure Time: Stakes (2015),4.4,https://letterboxd.com/film/adventure-time-stakes/
Witness for the Prosecution (1957),4.4,https://letterboxd.com/film/witness-for-the-prosecution-1957/
Red Beard (1965),4.4,https://letterboxd.com/film/red-beard/
Decalogue I (1989),4.4,https://letterboxd.com/film/decalogue-i/
BTS: Permission to Dance on Stage - LA (2022),4.4,https://letterboxd.com/film/bts-permission-to-dance-on-stage-la/
The Handmaiden (2016),4.39,https://letterboxd.com/film/the-handmaiden/
The Clock (2010),4.39,https://letterboxd.com/film/the-clock-2010/
Making The Leftovers (2014),4.39,https://letterboxd.com/film/making-the-leftovers/
Persona (1966),4.39,https://letterboxd.com/film/persona/
Life Is Beautiful (1997),4.39,https://letterboxd.com/film/life-is-beautiful/
Lawrence of Arabia (1962),4.39,https://letterboxd.com/film/lawrence-of-arabia/
Beyoncé Bowl (2024),4.39,https://letterboxd.com/film/beyonce-bowl/
Fleetwood Mac: The Dance (1997),4.39,https://letterboxd.com/film/fleetwood-mac-the-dance/
This Is Going to Hurt (2022),4.39,https://letterboxd.com/film/this-is-going-to-hurt/
Once Upon a Time in the West (1968),4.39,https://letterboxd.com/film/once-upon-a-time-in-the-west/
Kill Bill: The Whole Bloody Affair (2006),4.39,https://letterboxd.com/film/kill-bill-the-whole-bloody-affair/
Perfect Blue (1997),4.39,https://letterboxd.com/film/perfect-blue/
Nirvana: Live at the Paramount (2011),4.39,https://letterboxd.com/film/nirvana-live-at-the-paramount/
Chainsaw Man – The Movie: Reze Arc (2025),4.39,https://letterboxd.com/film/chainsaw-man-the-movie-reze-arc/
Bluey: The Sign (2024),4.39,https://letterboxd.com/film/bluey-the-sign-2024/
Eternity and a Day (1998),4.39,https://letterboxd.com/film/eternity-and-a-day/
Princess Mononoke (1997),4.39,https://letterboxd.com/film/princess-mononoke/
Attack on Titan: Wings of Freedom (2015),4.39,https://letterboxd.com/film/attack-on-titan-wings-of-freedom/
Harry Styles: Behind the Album - The Performances (2017),4.39,https://letterboxd.com/film/harry-styles-behind-the-album-the-performances/
Dear Zachary: A Letter to a Son About His Father (2008),4.39,https://letterboxd.com/film/dear-zachary-a-letter-to-a-son-about-his-father/
My Mister (2018),4.39,https://letterboxd.com/film/my-mister/
SUGA: Road to D-DAY (2023),4.39,https://letterboxd.com/film/suga-road-to-d-day/
BTS Permission to Dance On Stage - Seoul: Live Viewing (2022),4.39,https://letterboxd.com/film/bts-permission-to-dance-on-stage-seoul-live-viewing/
Dune: Part Two (2024),4.39,https://letterboxd.com/film/dune-part-two/
Love Exposure (2008),4.39,https://letterboxd.com/film/love-exposure/
Adventure Time: Distant Lands (2020),4.38,https://letterboxd.com/film/adventure-time-distant-lands/
In the Mood for Love (2000),4.38,https://letterboxd.com/film/in-the-mood-for-love/
For Sama (2019),4.38,https://letterboxd.com/film/for-sama/
The Day Today (1994),4.38,https://letterboxd.com/film/the-day-today/
"Red Velvet Happiness Diary : My Dear, ReVe1uv in Cinemas (2025)",4.38,https://letterboxd.com/film/red-velvet-happiness-diary-my-dear-reve1uv/
James Acaster: Repertoire (2018),4.38,https://letterboxd.com/film/james-acaster-repertoire/
The Lord of the Rings: The Fellowship of the Ring (2001),4.38,https://letterboxd.com/film/the-lord-of-the-rings-the-fellowship-of-the-ring/
Scenes from a Marriage (1974),4.38,https://letterboxd.com/film/scenes-from-a-marriage/
Harry Styles: Behind the Album (2017),4.38,https://letterboxd.com/film/harry-styles-behind-the-album/
"Paris, Texas (1984)",4.38,https://letterboxd.com/film/paris-texas/
Death Note (2006),4.38,https://letterboxd.com/film/death-note-2006/
The Beatles Anthology (1995),4.38,https://letterboxd.com/film/the-beatles-anthology/
Streetwise (1984),4.38,https://letterboxd.com/film/streetwise/
Jam (2000),4.38,https://letterboxd.com/film/jam-2000/
Satantango (1994),4.38,https://letterboxd.com/film/satantango/
Taylor Swift: Speak Now World Tour Live (2011),4.38,https://letterboxd.com/film/taylor-swift-speak-now-world-tour-live/
Paper Moon (1973),4.38,https://letterboxd.com/film/paper-moon/
Cabaret (1993),4.38,https://letterboxd.com/film/cabaret-1993/
"Seven Worlds, One Planet (2019)",4.38,https://letterboxd.com/film/seven-worlds-one-planet/
"Tyler, The Creator - Live: Call Me If You Get Lost (2022)",4.38,https://letterboxd.com/film/tyler-the-creator-live-call-me-if-you-get/
Sherlock Jr. (1924),4.38,https://letterboxd.com/film/sherlock-jr/
Cosmos (2014),4.38,https://letterboxd.com/film/cosmos-2014/
The Green Planet (2022),4.37,https://letterboxd.com/film/the-green-planet-2022/
Farewell My Concubine (1993),4.37,https://letterboxd.com/film/farewell-my-concubine/
Where Is the Friend's House? (1987),4.37,https://letterboxd.com/film/where-is-the-friends-house/
National Theatre Live: Inter Alia (2025),4.37,https://letterboxd.com/film/national-theatre-live-inter-alia/
HOMECOMING: A film by Beyoncé (2019),4.37,https://letterboxd.com/film/homecoming-a-film-by-beyonce/
Oldboy (2003),4.37,https://letterboxd.com/film/oldboy/
Sufjan Stevens: Carrie & Lowell Live (2017),4.37,https://letterboxd.com/film/sufjan-stevens-carrie-lowell-live-2017/
Hans Zimmer: Live in Prague (2017),4.37,https://letterboxd.com/film/hans-zimmer-live-in-prague/
Michael Jackson's Thriller (1983),4.37,https://letterboxd.com/film/michael-jacksons-thriller/
An Elephant Sitting Still (2018),4.37,https://letterboxd.com/film/an-elephant-sitting-still/
A Separation (2011),4.37,https://letterboxd.com/film/a-separation/
It's Always Sunny In Philadelphia: Sunny Side Up (2007),4.37,https://letterboxd.com/film/its-always-sunny-in-philadelphia-sunny-side-up/
boygenius: the film (2023),4.37,https://letterboxd.com/film/boygenius-the-film/
The Phantom of the Opera at the Royal Albert Hall (2011),4.37,https://letterboxd.com/film/the-phantom-of-the-opera-at-the-royal-albert-hall/
Banana Fish (2018),4.37,https://letterboxd.com/film/banana-fish/
War and Peace (1967),4.37,https://letterboxd.com/film/war-and-peace-1967/
It's Such a Beautiful Day (2012),4.37,https://letterboxd.com/film/its-such-a-beautiful-day/
Rear Window (1954),4.37,https://letterboxd.com/film/rear-window/
SUGA | Agust D TOUR 'D-DAY' THE MOVIE (2024),4.37,https://letterboxd.com/film/suga-agust-d-tour-d-day-the-movie/
Mushi-Shi (2005),4.37,https://letterboxd.com/film/mushi-shi/
One Flew Over the Cuckoo's Nest (1975),4.37,https://letterboxd.com/film/one-flew-over-the-cuckoos-nest/
Adventure Time: Fionna & Cake (2023),4.36,https://letterboxd.com/film/adventure-time-fionna-cake-2023/
Harry Styles - One Night Only in New York (2022),4.36,https://letterboxd.com/film/harry-styles-one-night-only-in-new-york/
Good Will Hunting (1997),4.36,https://letterboxd.com/film/good-will-hunting/
Apur Sansar (1959),4.36,https://letterboxd.com/film/apur-sansar/
Mitski: The Land (2025),4.36,https://letterboxd.com/film/mitski-the-land/
Landscape in the Mist (1988),4.36,https://letterboxd.com/film/landscape-in-the-mist/
Attack on Titan: Crimson Bow and Arrow (2014),4.36,https://letterboxd.com/film/attack-on-titan-crimson-bow-and-arrow/
"RM: Right People, Wrong Place (2024)",4.36,https://letterboxd.com/film/rm-right-people-wrong-place/
All About Eve (1950),4.36,https://letterboxd.com/film/all-about-eve/
Army of Shadows (1969),4.36,https://letterboxd.com/film/army-of-shadows/
Se7en (1995),4.36,https://letterboxd.com/film/se7en/
Lemonade (2016),4.36,https://letterboxd.com/film/lemonade-2016/
Inglourious Basterds (2009),4.36,https://letterboxd.com/film/inglourious-basterds/
SEVENTEEN TOUR 'FOLLOW' AGAIN TO CINEMAS (2024),4.36,https://letterboxd.com/film/seventeen-tour-follow-again-to-cinemas/
Radiohead: The King Of Limbs – Live From The Basement (2011),4.36,https://letterboxd.com/film/radiohead-the-king-of-limbs-live-from-the-basement/
Life (2009),4.35,https://letterboxd.com/film/life-2009/
The Thing (1982),4.35,https://letterboxd.com/film/the-thing/
Ordet (1955),4.35,https://letterboxd.com/film/ordet/
j-hope IN THE BOX (2023),4.35,https://letterboxd.com/film/j-hope-in-the-box/
Lucky Three: An Elliott Smith Portrait (1997),4.35,https://letterboxd.com/film/lucky-three-an-elliott-smith-portrait/
Howl's Moving Castle (2004),4.35,https://letterboxd.com/film/howls-moving-castle/
FLCL (2000),4.35,https://letterboxd.com/film/flcl/
The Haunting of Hill House (2018),4.35,https://letterboxd.com/film/the-haunting-2018/
Puella Magi Madoka Magica (2011),4.35,https://letterboxd.com/film/puella-magi-madoka-magica/
The Wages of Fear (1953),4.35,https://letterboxd.com/film/the-wages-of-fear/
SEVENTEEN POWER OF LOVE : THE MOVIE (2022),4.35,https://letterboxd.com/film/seventeen-power-of-love-the-movie/
A Man Escaped (1956),4.35,https://letterboxd.com/film/a-man-escaped/
Amadeus (1984),4.35,https://letterboxd.com/film/amadeus/
It's a Sin (2021),4.35,https://letterboxd.com/film/its-a-sin-2021/
Primal (2019),4.35,https://letterboxd.com/film/primal-2019-1/
The Wrong Trousers (1993),4.35,https://letterboxd.com/film/the-wrong-trousers/
Russia 1985-1999: TraumaZone (2022),4.35,https://letterboxd.com/film/russia-1985-1999-traumazone/
Z (1969),4.35,https://letterboxd.com/film/z/
Emilie Muller (1993),4.35,https://letterboxd.com/film/emilie-muller/
Moving (2023),4.34,https://letterboxd.com/film/moving-2023-1/
Central Station (1998),4.34,https://letterboxd.com/film/central-station/
PLUTO (2023),4.34,https://letterboxd.com/film/pluto-2023-1/
Ariana Grande at the BBC (2018),4.34,https://letterboxd.com/film/ariana-grande-at-the-bbc/
Swing Girls (2004),4.34,https://letterboxd.com/film/swing-girls/
Singin' in the Rain (1952),4.34,https://letterboxd.com/film/singin-in-the-rain/
Heimat (1984),4.34,https://letterboxd.com/film/heimat-1984/
How to Make Millions Before Grandma Dies (2024),4.34,https://letterboxd.com/film/how-to-make-millions-before-grandma-dies/
Lady Gaga Presents: The Monster Ball Tour at Madison Square Garden (2011),4.34,https://letterboxd.com/film/lady-gaga-presents-the-monster-ball-tour-at-madison-square-garden/
All That Jazz (1979),4.34,https://letterboxd.com/film/all-that-jazz/
Cyberpunk: Edgerunners (2022),4.34,https://letterboxd.com/film/cyberpunk-edgerunners/
The Silence of the Lambs (1991),4.34,https://letterboxd.com/film/the-silence-of-the-lambs/
Three Colours: Red (1994),4.34,https://letterboxd.com/film/three-colours-red/
Taylor Swift City of Lover Concert (2020),4.34,https://letterboxd.com/film/taylor-swift-city-of-lover-concert/
Baraka (1992),4.34,https://letterboxd.com/film/baraka/
Still Walking (2008),4.34,https://letterboxd.com/film/still-walking/
Late Spring (1949),4.34,https://letterboxd.com/film/late-spring/
Hello FatherDog (2007),4.34,https://letterboxd.com/film/hello-fatherdog/
"Black Country, New Road - “Live at Bush Hall” (2023)",4.34,https://letterboxd.com/film/black-country-new-road-live-at-bush-hall/
Orb: On the Movements of the Earth (2024),4.34,https://letterboxd.com/film/orb-on-the-movements-of-the-earth/
When the Levees Broke: A Requiem in Four Acts (2006),4.34,https://letterboxd.com/film/when-the-levees-broke-a-requiem-in-four-acts/
One Battle After Another (2025),4.34,https://letterboxd.com/film/one-battle-after-another/
Over the Garden Wall 10th Anniversary Tribute (2024),4.34,https://letterboxd.com/film/over-the-garden-wall-10th-anniversary-tribute/
Harlan County U.S.A. (1976),4.34,https://letterboxd.com/film/harlan-county-usa/
Judgment at Nuremberg (1961),4.33,https://letterboxd.com/film/judgment-at-nuremberg/
Getting the Old Scent Again: Reimagining Red Dragon (2015),4.33,https://letterboxd.com/film/getting-the-old-scent-again-reimagining-red-dragon/
Twenty Years Later (1984),4.33,https://letterboxd.com/film/twenty-years-later/
Big Little Lies (2017),4.33,https://letterboxd.com/film/big-little-lies/
I'm Still Here (2024),4.33,https://letterboxd.com/film/im-still-here-2024/
Wild Strawberries (1957),4.33,https://letterboxd.com/film/wild-strawberries/
Duck Amuck (1953),4.33,https://letterboxd.com/film/duck-amuck/
Ikebukuro West Gate Park (2000),4.33,https://letterboxd.com/film/ikebukuro-west-gate-park/
City Lights (1931),4.33,https://letterboxd.com/film/city-lights/
Raise the Red Lantern (1991),4.33,https://letterboxd.com/film/raise-the-red-lantern/
Decalogue V (1989),4.33,https://letterboxd.com/film/decalogue-v/
The Seventh Seal (1957),4.33,https://letterboxd.com/film/the-seventh-seal/
Endless (2016),4.33,https://letterboxd.com/film/endless-2016-1/
A Special Day (1977),4.33,https://letterboxd.com/film/a-special-day/
The Messiah (2023),4.33,https://letterboxd.com/film/the-messiah-2023/
Gurren Lagann (2007),4.33,https://letterboxd.com/film/gurren-lagann/
To Be or Not to Be (1942),4.33,https://letterboxd.com/film/to-be-or-not-to-be/
La Jetée (1962),4.33,https://letterboxd.com/film/la-jetee/
The Departed (2006),4.33,https://letterboxd.com/film/the-departed/
It's Such a Beautiful Day (2011),4.33,https://letterboxd.com/film/its-such-a-beautiful-day-2011/
Dead Poets Society (1989),4.33,https://letterboxd.com/film/dead-poets-society/
The Look of Silence (2014),4.33,https://letterboxd.com/film/the-look-of-silence/
The Civil War (1990),4.33,https://letterboxd.com/film/the-civil-war/
JoJo's Bizarre Adventure: Diamond is Unbreakable (2016),4.33,https://letterboxd.com/film/jojos-bizarre-adventure-diamond-is-unbreakable/
Monster (2023),4.33,https://letterboxd.com/film/monster-2023/
The Owl House: Watching and Dreaming (2023),4.33,https://letterboxd.com/film/the-owl-house-watching-and-dreaming/
One Direction: Where We Are - The Concert Film (2014),4.33,https://letterboxd.com/film/one-direction-where-we-are-the-concert-film/
The 7th Annual Live 'On Cinema' Oscar Special (2020),4.33,https://letterboxd.com/film/the-7th-annual-live-on-cinema-oscar-special/
The Great Dictator (1940),4.33,https://letterboxd.com/film/the-great-dictator/
Mirror (1975),4.33,https://letterboxd.com/film/mirror/
Funeral Parade of Roses (1969),4.33,https://letterboxd.com/film/funeral-parade-of-roses/
Brief Encounter (1945),4.33,https://letterboxd.com/film/brief-encounter/
The Beaches of Agnès (2008),4.32,https://letterboxd.com/film/the-beaches-of-agnes/
SUGA | Agust D TOUR “D-DAY” in JAPAN: LIVE VIEWING (2023),4.32,https://letterboxd.com/film/suga-agust-d-tour-d-day-in-japan-live-viewing/
World of Tomorrow (2015),4.32,https://letterboxd.com/film/world-of-tomorrow/
Nirvana: Live And Loud (1993),4.32,https://letterboxd.com/film/nirvana-live-and-loud/
Before Sunset (2004),4.32,https://letterboxd.com/film/before-sunset/
Koyaanisqatsi (1982),4.32,https://letterboxd.com/film/koyaanisqatsi/
"Jenin, Jenin (2003)",4.32,https://letterboxd.com/film/jenin-jenin/
House: Swan Song (2012),4.32,https://letterboxd.com/film/house-swan-song/
BTS Monuments: Beyond the Star (2023),4.32,https://letterboxd.com/film/bts-monuments-beyond-the-star-2023/
The Fifth Seal (1976),4.32,https://letterboxd.com/film/the-fifth-seal/
Taste of Cherry (1997),4.32,https://letterboxd.com/film/taste-of-cherry/
Death of Yazdgerd (1982),4.32,https://letterboxd.com/film/death-of-yazdgerd/
20 Days in Mariupol (2023),4.32,https://letterboxd.com/film/20-days-in-mariupol/
Das Boot (1981),4.32,https://letterboxd.com/film/das-boot/
The Young Girls of Rochefort (1967),4.32,https://letterboxd.com/film/the-young-girls-of-rochefort/
Pather Panchali (1955),4.32,https://letterboxd.com/film/pather-panchali/
Dan and Phil: Terrible Influence (2025),4.32,https://letterboxd.com/film/dan-and-phil-terrible-influence/
Revue Starlight: The Movie (2021),4.32,https://letterboxd.com/film/revue-starlight-the-movie/
Frozen Planet (2011),4.32,https://letterboxd.com/film/frozen-planet/
Prisoners (2013),4.32,https://letterboxd.com/film/prisoners/
Hunter × Hunter Pilot (1998),4.32,https://letterboxd.com/film/hunter-hunter-pilot/
Django Unchained (2012),4.32,https://letterboxd.com/film/django-unchained/
Maid (2021),4.32,https://letterboxd.com/film/maid-2021/
MTV’s Downtown: Behind The Scenes (2000),4.32,https://letterboxd.com/film/mtvs-downtown-behind-the-scenes/
No Country for Old Men (2007),4.32,https://letterboxd.com/film/no-country-for-old-men/
Rocco and His Brothers (1960),4.32,https://letterboxd.com/film/rocco-and-his-brothers/
Tampopo (1985),4.32,https://letterboxd.com/film/tampopo/
Mommy (2014),4.32,https://letterboxd.com/film/mommy-2014/
Decalogue VI (1989),4.31,https://letterboxd.com/film/decalogue-vi/
Psycho (1960),4.31,https://letterboxd.com/film/psycho/
Twenty Five Twenty One (2022),4.31,https://letterboxd.com/film/twenty-five-twenty-one/
Horace and Pete (2016),4.31,https://letterboxd.com/film/horace-and-pete/
Apocalypse: The Second World War (2009),4.31,https://letterboxd.com/film/apocalypse-the-second-world-war/
Das Boot (1985),4.31,https://letterboxd.com/film/das-boot-1985/
NCT DREAM THE MOVIE : In A DREAM (2022),4.31,https://letterboxd.com/film/nct-dream-the-movie-in-a-dream/
Madonna: The Confessions Tour (2006),4.31,https://letterboxd.com/film/madonna-the-confessions-tour/
JoJo's Bizarre Adventure: Golden Wind (2018),4.31,https://letterboxd.com/film/jojos-bizarre-adventure-golden-wind/
My Dearest (2023),4.31,https://letterboxd.com/film/my-dearest-2023/
Middleditch & Schwartz (2020),4.31,https://letterboxd.com/film/middleditch-schwartz/
Minding the Gap (2018),4.31,https://letterboxd.com/film/minding-the-gap/
Pink Floyd: Pulse (1995),4.31,https://letterboxd.com/film/pink-floyd-pulse/
13th (2016),4.31,https://letterboxd.com/film/13th/
Ways of Seeing (1972),4.31,https://letterboxd.com/film/ways-of-seeing/
Taylor Swift: The Eras Tour (2023),4.31,https://letterboxd.com/film/taylor-swift-the-eras-tour/
Mononoke (2007),4.31,https://letterboxd.com/film/mononoke/
The Celebration (1998),4.31,https://letterboxd.com/film/the-celebration/
The Weeping Meadow (2004),4.31,https://letterboxd.com/film/the-weeping-meadow/
Dog Day Afternoon (1975),4.31,https://letterboxd.com/film/dog-day-afternoon/
Azumanga Daioh (2002),4.31,https://letterboxd.com/film/azumanga-daioh/
BEYONCÉ (2013),4.31,https://letterboxd.com/film/beyonce/
Billie Eilish: Live at the O2 (Extended Cut) (2023),4.31,https://letterboxd.com/film/billie-eilish-live-at-the-o2-extended-cut/
The Apothecary Diaries (2023),4.31,https://letterboxd.com/film/the-apothecary-diaries/
Ocean with David Attenborough (2025),4.31,https://letterboxd.com/film/ocean-with-david-attenborough/
Before Sunrise (1995),4.31,https://letterboxd.com/film/before-sunrise/
Mr. Robot_dec0d3d.doc (2016),4.31,https://letterboxd.com/film/mr-robot_dec0d3ddoc/
The 400 Blows (1959),4.31,https://letterboxd.com/film/the-400-blows/
Wings of Desire (1987),4.31,https://letterboxd.com/film/wings-of-desire/
The Best of Youth (2003),4.31,https://letterboxd.com/film/the-best-of-youth/
The Hunt (2015),4.31,https://letterboxd.com/film/the-hunt-2015/
Eight Hours Don’t Make a Day (1972),4.31,https://letterboxd.com/film/eight-hours-dont-make-a-day/
We Will Rock You (1982),4.31,https://letterboxd.com/film/we-will-rock-you/
"I, Claudius (1976)",4.31,https://letterboxd.com/film/i-claudius/
Sonny Boy (2021),4.31,https://letterboxd.com/film/sonny-boy-2021/
David Lynch Cooks Quinoa (2007),4.31,https://letterboxd.com/film/david-lynch-cooks-quinoa/
The Making of ‘Mad Men’ (2007),4.31,https://letterboxd.com/film/the-making-of-mad-men/
Perfect Days (2023),4.31,https://letterboxd.com/film/perfect-days-2023/
The Emperor's Naked Army Marches On (1987),4.31,https://letterboxd.com/film/the-emperors-naked-army-marches-on/
Werckmeister Harmonies (2000),4.31,https://letterboxd.com/film/werckmeister-harmonies/
Kill Bill: The Origin of O-Ren (2003),4.31,https://letterboxd.com/film/kill-bill-the-origin-of-o-ren/
The Battle of Chile: Part II (1976),4.3,https://letterboxd.com/film/the-battle-of-chile-part-ii/
A Modern Farewell (2020),4.3,https://letterboxd.com/film/a-modern-farewell/
j-hope Tour 'HOPE ON THE STAGE' in JAPAN: LIVE VIEWING (2025),4.3,https://letterboxd.com/film/j-hope-tour-hope-on-the-stage-in-japan-live/
Shoplifters (2018),4.3,https://letterboxd.com/film/shoplifters/
Relaxing Old Footage With Joe Pera (2020),4.3,https://letterboxd.com/film/relaxing-old-footage-with-joe-pera/
Persona (2018),4.3,https://letterboxd.com/film/persona-2018/
Underground (1995),4.3,https://letterboxd.com/film/underground-1995/
No me quiero ir de aquí: Una más (2025),4.3,https://letterboxd.com/film/no-me-quiero-ir-de-aqui-una-mas-2025/
Gaza Fights for Freedom (2019),4.3,https://letterboxd.com/film/gaza-fights-for-freedom/
The Owl House: Thanks to Them (2022),4.3,https://letterboxd.com/film/the-owl-house-thanks-to-them/
Dr. Strangelove or: How I Learned to Stop Worrying and Love the Bomb (1964),4.3,https://letterboxd.com/film/dr-strangelove-or-how-i-learned-to-stop-worrying-and-love-the-bomb/
Sharp Objects (2018),4.3,https://letterboxd.com/film/sharp-objects/
Nichijou: My Ordinary Life (2011),4.3,https://letterboxd.com/film/nichijou-my-ordinary-life/
"La Commune (Paris, 1871) (2000)",4.3,https://letterboxd.com/film/la-commune-paris-1871/
Twin Peaks: Fire Walk with Me (1992),4.3,https://letterboxd.com/film/twin-peaks-fire-walk-with-me/
Generation Kill (2008),4.3,https://letterboxd.com/film/generation-kill/
Children of Men (2006),4.3,https://letterboxd.com/film/children-of-men/
One Direction: This Is Us (2013),4.3,https://letterboxd.com/film/one-direction-this-is-us/
"Master, a Building in Copacabana (2002)",4.3,https://letterboxd.com/film/master-a-building-in-copacabana/
The House Is Black (1963),4.3,https://letterboxd.com/film/the-house-is-black/
Yojimbo (1961),4.3,https://letterboxd.com/film/yojimbo/
Sing Sing (2023),4.3,https://letterboxd.com/film/sing-sing-2023/
Playing (2007),4.3,https://letterboxd.com/film/playing/
The History of the Minnesota Vikings (2023),4.3,https://letterboxd.com/film/the-history-of-the-minnesota-vikings/
World of Tomorrow Episode Three: The Absent Destinations of David Prime (2020),4.3,https://letterboxd.com/film/world-of-tomorrow-episode-three-the-absent-destinations-of-david-prime/
The Battle of Chile: Part I (1975),4.3,https://letterboxd.com/film/the-battle-of-chile-part-i/
When I Fly Towards You (2023),4.3,https://letterboxd.com/film/when-i-fly-towards-you/
Chinatown (1974),4.3,https://letterboxd.com/film/chinatown/
M (1931),4.3,https://letterboxd.com/film/m/
Spinners and Losers (2007),4.3,https://letterboxd.com/film/spinners-and-losers/
Louis Tomlinson: All of Those Voices (2023),4.3,https://letterboxd.com/film/louis-tomlinson-all-of-those-voices/
In Transit (2004),4.3,https://letterboxd.com/film/in-transit/
The Odyssey (2016),4.3,https://letterboxd.com/film/the-odyssey-2016-1/
Rebooting (2023),4.3,https://letterboxd.com/film/rebooting/
Turnstile: Never Enough (2025),4.3,https://letterboxd.com/film/turnstile-never-enough/
"War and Peace, Part III: The Year 1812 (1966)",4.3,https://letterboxd.com/film/war-and-peace-part-iii-the-year-1812/
"Fiona Apple: MTV Live in New York, 1999 (1999)",4.29,https://letterboxd.com/film/fiona-apple-mtv-live-in-new-york-1999/
Heat (1995),4.29,https://letterboxd.com/film/heat-1995/
National Theatre Live: The Importance of Being Earnest (2025),4.29,https://letterboxd.com/film/national-theatre-live-the-importance-of-being/
The Sacrifice (1986),4.29,https://letterboxd.com/film/the-sacrifice/
Baker 3 (2005),4.29,https://letterboxd.com/film/baker-3/
Bicycle Thieves (1948),4.29,https://letterboxd.com/film/bicycle-thieves/
Fantastic Mr. Fox (2009),4.29,https://letterboxd.com/film/fantastic-mr-fox/
The Treasure of the Sierra Madre (1948),4.29,https://letterboxd.com/film/the-treasure-of-the-sierra-madre/
Welfare (1975),4.29,https://letterboxd.com/film/welfare/
Opening Night (1977),4.29,https://letterboxd.com/film/opening-night/
TOMORROW X TOGETHER: OUR LOST SUMMER (2023),4.29,https://letterboxd.com/film/tomorrow-x-together-our-lost-summer/
Break the Silence: The Movie (2020),4.29,https://letterboxd.com/film/break-the-silence-the-movie/
The Father (2020),4.29,https://letterboxd.com/film/the-father-2020/
The Cremator (1969),4.29,https://letterboxd.com/film/the-cremator/
Daniel Sloss: X (2019),4.29,https://letterboxd.com/film/daniel-sloss-x/
World of Tomorrow Episode Two: The Burden of Other People's Thoughts (2017),4.29,https://letterboxd.com/film/world-of-tomorrow-episode-two-the-burden-of-other-peoples-thoughts/
The U.S. and the Holocaust (2022),4.29,https://letterboxd.com/film/the-us-and-the-holocaust/
The Lives of Others (2006),4.29,https://letterboxd.com/film/the-lives-of-others/
9/11: One Day in America (2021),4.29,https://letterboxd.com/film/9-11-one-day-in-america/
Edvard Munch (1974),4.29,https://letterboxd.com/film/edvard-munch/
La Notte (1961),4.29,https://letterboxd.com/film/la-notte/
Terminator 2: Judgment Day (1991),4.29,https://letterboxd.com/film/terminator-2-judgment-day/
Pride and Prejudice (1995),4.29,https://letterboxd.com/film/pride-and-prejudice-1995/
Gurren Lagann the Movie: The Lights in the Sky Are Stars (2009),4.29,https://letterboxd.com/film/gurren-lagann-the-movie-the-lights-in-the-sky-are-stars/
Queen: Live at Wembley Stadium (1986),4.29,https://letterboxd.com/film/queen-live-at-wembley-stadium/
The Elephant Man (1980),4.29,https://letterboxd.com/film/the-elephant-man/
Violet Evergarden (2018),4.29,https://letterboxd.com/film/violet-evergarden/
Mouse (2021),4.29,https://letterboxd.com/film/mouse-2021-1/
Human Planet (2011),4.28,https://letterboxd.com/film/human-planet-2011/
Nirvana: Live at Reading (1992),4.28,https://letterboxd.com/film/nirvana-live-at-reading/
Children of Paradise (1945),4.28,https://letterboxd.com/film/children-of-paradise/
The Glory (2022),4.28,https://letterboxd.com/film/the-glory/
The Hunt (2012),4.28,https://letterboxd.com/film/the-hunt-2012/
Dave Chappelle: Killin' Them Softly (2000),4.28,https://letterboxd.com/film/dave-chappelle-killin-them-softly/
Dersu Uzala (1975),4.28,https://letterboxd.com/film/dersu-uzala/
Chungking Express (1994),4.28,https://letterboxd.com/film/chungking-express/
Life of Crime: 1984-2020 (2021),4.28,https://letterboxd.com/film/life-of-crime-1984-2020/
Cunk on Earth (2022),4.28,https://letterboxd.com/film/cunk-on-earth/
Samurai Rebellion (1967),4.28,https://letterboxd.com/film/samurai-rebellion/
I Told Sunset About You (2020),4.28,https://letterboxd.com/film/i-told-sunset-about-you/
National Theatre Live: Present Laughter (2019),4.28,https://letterboxd.com/film/national-theatre-live-present-laughter/
BTS World Tour: Love Yourself in Seoul (2019),4.28,https://letterboxd.com/film/bts-world-tour-love-yourself-in-seoul/
Sunday in the Park with George (1986),4.28,https://letterboxd.com/film/sunday-in-the-park-with-george/
Evangelion: 3.0+1.0 Thrice Upon a Time (2021),4.28,https://letterboxd.com/film/evangelion-3010-thrice-upon-a-time/
The Jinx: The Life and Deaths of Robert Durst (2015),4.28,https://letterboxd.com/film/the-jinx-the-life-and-deaths-of-robert-durst/
Emicida: AmarElo - It's All for Yesterday (2020),4.28,https://letterboxd.com/film/emicida-amarelo-its-all-for-yesterday/
Nostalgia (1983),4.28,https://letterboxd.com/film/nostalgia-1983/
8½ (1963),4.28,https://letterboxd.com/film/8-half/
Secrets & Lies (1996),4.28,https://letterboxd.com/film/secrets-lies/
Akira (1988),4.28,https://letterboxd.com/film/akira/
Magnetic Rose (1995),4.28,https://letterboxd.com/film/magnetic-rose/
Black Is… Black Ain’t (1994),4.28,https://letterboxd.com/film/black-is-black-aint/
Kaiba (2008),4.28,https://letterboxd.com/film/kaiba/
The Man Who Shot Liberty Valance (1962),4.28,https://letterboxd.com/film/the-man-who-shot-liberty-valance/
Takopi's Original Sin (2025),4.28,https://letterboxd.com/film/takopis-original-sin/
Isle of Flowers (1989),4.28,https://letterboxd.com/film/isle-of-flowers/
The Rise of the Nutters (2007),4.28,https://letterboxd.com/film/the-rise-of-the-nutters/
Prehistoric Planet (2022),4.28,https://letterboxd.com/film/prehistoric-planet/
Fellow Travelers (2023),4.28,https://letterboxd.com/film/fellow-travelers-2023/
Company: A Musical Comedy (2008),4.28,https://letterboxd.com/film/company-a-musical-comedy/
2000 Meters to Andriivka (2025),4.28,https://letterboxd.com/film/2000-meters-to-andriivka/
Twenty One Pilots: MTV Unplugged (2022),4.28,https://letterboxd.com/film/twenty-one-pilots-mtv-unplugged/
D.P. (2021),4.28,https://letterboxd.com/film/dp-2021/
2015 BTS Live The Most Beautiful Moment in Life (花樣年華) On Stage (2016),4.28,https://letterboxd.com/film/2015-bts-live-the-most-beautiful-moment-in-life-on-stage/
Adventure Time: Islands (2017),4.28,https://letterboxd.com/film/adventure-time-islands/
Love In The Big City (2024),4.28,https://letterboxd.com/film/love-in-the-big-city-2024/
Great Teacher Onizuka (1999),4.28,https://letterboxd.com/film/great-teacher-onizuka/
Casablanca (1942),4.27,https://letterboxd.com/film/casablanca/
Man with a Movie Camera (1929),4.27,https://letterboxd.com/film/man-with-a-movie-camera/
Game of Thrones: The Story So Far (2017),4.27,https://letterboxd.com/film/game-of-thrones-the-story-so-far/
Linkin Park: Live in Texas (2003),4.27,https://letterboxd.com/film/linkin-park-live-in-texas/
Land of the Lustrous (2017),4.27,https://letterboxd.com/film/land-of-the-lustrous/
"Life, and Nothing More… (1992)",4.27,https://letterboxd.com/film/life-and-nothing-more/
The Untamed (2019),4.27,https://letterboxd.com/film/the-untamed-2019/
Dynasties (2018),4.27,https://letterboxd.com/film/dynasties/
Throne of Blood (1957),4.27,https://letterboxd.com/film/throne-of-blood/
Eureka (2000),4.27,https://letterboxd.com/film/eureka-2000/
A Charlie Brown Christmas (1965),4.27,https://letterboxd.com/film/a-charlie-brown-christmas/
Fight Club (1999),4.27,https://letterboxd.com/film/fight-club/
Ace in the Hole (1951),4.27,https://letterboxd.com/film/ace-in-the-hole/
The Iron Giant (1999),4.27,https://letterboxd.com/film/the-iron-giant/
Malcolm X (1992),4.27,https://letterboxd.com/film/malcolm-x-1992/
Devils on the Doorstep (2000),4.27,https://letterboxd.com/film/devils-on-the-doorstep/
Brighter Days Ahead (2025),4.27,https://letterboxd.com/film/brighter-days-ahead/
Daily Dose of Sunshine (2023),4.27,https://letterboxd.com/film/daily-dose-of-sunshine/
Cure (1997),4.27,https://letterboxd.com/film/cure/
Beforel Orel: Trust (2012),4.27,https://letterboxd.com/film/beforel-orel-trust/
Paranoia Agent (2004),4.27,https://letterboxd.com/film/paranoia-agent/
La Dolce Vita (1960),4.27,https://letterboxd.com/film/la-dolce-vita/
Some Like It Hot (1959),4.27,https://letterboxd.com/film/some-like-it-hot/
Azur & Asmar: The Princes' Quest (2006),4.27,https://letterboxd.com/film/azur-asmar-the-princes-quest/
Blue Weekend (2021),4.27,https://letterboxd.com/film/blue-weekend-2021/
"M*A*S*H: Goodbye, Farewell and Amen (1983)",4.27,https://letterboxd.com/film/goodbye-farewell-amen/
ODDTAXI (2021),4.27,https://letterboxd.com/film/oddtaxi/
My Liberation Notes (2022),4.27,https://letterboxd.com/film/my-liberation-notes/
Nightless Night (2023),4.27,https://letterboxd.com/film/nightless-night/
Who's Afraid of Virginia Woolf? (1966),4.27,https://letterboxd.com/film/whos-afraid-of-virginia-woolf/
Puella Magi Madoka Magica the Movie Part III: Rebellion (2013),4.27,https://letterboxd.com/film/puella-magi-madoka-magica-the-movie-part-iii-rebellion/
The Prestige (2006),4.27,https://letterboxd.com/film/the-prestige/
The Second Night (2016),4.27,https://letterboxd.com/film/the-second-night-2016/
Timelapse of the Future: A Journey to the End of Time (2019),4.27,https://letterboxd.com/film/timelapse-of-the-future-a-journey-to-the-end-of-time/
My Uncle Napoleon (1976),4.27,https://letterboxd.com/film/my-uncle-napoleon-1976/
Solange: When I Get Home (2019),4.27,https://letterboxd.com/film/solange-when-i-get-home/
Attack on Titan: No Regrets (2014),4.27,https://letterboxd.com/film/attack-on-titan-no-regrets/
Princess Tutu (2002),4.27,https://letterboxd.com/film/princess-tutu/
We All Loved Each Other So Much (1974),4.26,https://letterboxd.com/film/we-all-loved-each-other-so-much/
Kadaisi Vivasayi (2021),4.26,https://letterboxd.com/film/kadaisi-vivasayi/
One Love Manchester (2017),4.26,https://letterboxd.com/film/one-love-manchester/
"Jeanne Dielman, 23, quai du Commerce, 1080 Bruxelles (1975)",4.26,https://letterboxd.com/film/jeanne-dielman-23-quai-du-commerce-1080-bruxelles/
The Green Mile (1999),4.26,https://letterboxd.com/film/the-green-mile/
Harry Styles: Live in Manchester (2017),4.26,https://letterboxd.com/film/harry-styles-live-in-manchester/
Africa (2013),4.26,https://letterboxd.com/film/africa-2013/
Look Back (2024),4.26,https://letterboxd.com/film/look-back-2024/
BOCCHI THE ROCK! (2022),4.26,https://letterboxd.com/film/bocchi-the-rock/
LINK CLICK (2021),4.26,https://letterboxd.com/film/link-click/
Rite Here Rite Now (2024),4.26,https://letterboxd.com/film/rite-here-rite-now/
The Company of Strangers (1990),4.26,https://letterboxd.com/film/the-company-of-strangers/
John Mulaney: New in Town (2012),4.26,https://letterboxd.com/film/john-mulaney-new-in-town/
The Encampments (2025),4.26,https://letterboxd.com/film/the-encampments/
The Gay and Wondrous Life of Caleb Gallo (2016),4.26,https://letterboxd.com/film/the-gay-and-wondrous-life-of-caleb-gallo/
A Very Special Supernatural Special (2014),4.26,https://letterboxd.com/film/a-very-special-supernatural-special/
"It's Never Over, Jeff Buckley (2025)",4.26,https://letterboxd.com/film/its-never-over-jeff-buckley/
Warp Speed Chic (2018),4.26,https://letterboxd.com/film/warp-speed-chic/
Ugetsu (1953),4.26,https://letterboxd.com/film/ugetsu/
Rififi (1955),4.26,https://letterboxd.com/film/rififi/
Modern Times (1936),4.26,https://letterboxd.com/film/modern-times/
2001: A Space Odyssey (1968),4.26,https://letterboxd.com/film/2001-a-space-odyssey/
Network (1976),4.26,https://letterboxd.com/film/network/
Everything Everywhere All at Once (2022),4.26,https://letterboxd.com/film/everything-everywhere-all-at-once/
Crash Landing on You (2019),4.26,https://letterboxd.com/film/crash-landing-on-you/
The Night of the Hunter (1955),4.26,https://letterboxd.com/film/the-night-of-the-hunter/
Mary and Max (2009),4.26,https://letterboxd.com/film/mary-and-max/
The Beyoncé Experience Live (2007),4.26,https://letterboxd.com/film/the-beyonce-experience-live/
Sorcerer (1977),4.26,https://letterboxd.com/film/sorcerer/
A Matter of Life and Death (1946),4.26,https://letterboxd.com/film/a-matter-of-life-and-death/
Mulholland Drive (2001),4.26,https://letterboxd.com/film/mulholland-drive/
Ritual (2000),4.26,https://letterboxd.com/film/ritual-2000/
Double Indemnity (1944),4.26,https://letterboxd.com/film/double-indemnity/
Mussolini: Son of the Century (2024),4.26,https://letterboxd.com/film/mussolini-son-of-the-century/
David Byrne's American Utopia (2020),4.26,https://letterboxd.com/film/david-byrnes-american-utopia/
Tongues Untied (1989),4.26,https://letterboxd.com/film/tongues-untied/
The War (2007),4.26,https://letterboxd.com/film/the-war-2007/
Mr. Sunshine (2018),4.26,https://letterboxd.com/film/mr-sunshine-2018/
Joe Pera Talks You to Sleep (2016),4.26,https://letterboxd.com/film/joe-pera-talks-you-to-sleep/
The Tale of The Princess Kaguya (2013),4.26,https://letterboxd.com/film/the-tale-of-the-princess-kaguya/
The Century of the Self (2002),4.26,https://letterboxd.com/film/the-century-of-the-self/
Fail Safe (1964),4.26,https://letterboxd.com/film/fail-safe/
Disney Channel's Theme: A History Mystery (2022),4.25,https://letterboxd.com/film/disney-channels-theme-a-history-mystery/
The Man Who Planted Trees (1987),4.25,https://letterboxd.com/film/the-man-who-planted-trees/
Aparajito (1956),4.25,https://letterboxd.com/film/aparajito/
Can't Get You Out of My Head (2021),4.25,https://letterboxd.com/film/cant-get-you-out-of-my-head/
The Salt of the Earth (2014),4.25,https://letterboxd.com/film/the-salt-of-the-earth/
Senna (2010),4.25,https://letterboxd.com/film/senna/
Into the Woods (1991),4.25,https://letterboxd.com/film/into-the-woods/
Meshes of the Afternoon (1943),4.25,https://letterboxd.com/film/meshes-of-the-afternoon/
Alien (1979),4.25,https://letterboxd.com/film/alien/
Song of the Sea (2014),4.25,https://letterboxd.com/film/song-of-the-sea/
The Gleaners and I (2000),4.25,https://letterboxd.com/film/the-gleaners-and-i/
Angels in America (2003),4.25,https://letterboxd.com/film/angels-in-america/
'Til Madness Do Us Part (2013),4.25,https://letterboxd.com/film/til-madness-do-us-part/
Supernatural: The End of the Road (2021),4.25,https://letterboxd.com/film/supernatural-the-end-of-the-road/
Umberto D. (1952),4.25,https://letterboxd.com/film/umberto-d/
Interstella 5555: The 5tory of the 5ecret 5tar 5ystem (2003),4.25,https://letterboxd.com/film/interstella-5555-the-5tory-of-the-5ecret-5tar-5ystem/
Talking Heads (1980),4.25,https://letterboxd.com/film/talking-heads/
Dominion (2018),4.25,https://letterboxd.com/film/dominion-2018/
Taylor Swift: The 1989 World Tour - Live (2015),4.25,https://letterboxd.com/film/1989-world-tour/
Winter Light (1963),4.25,https://letterboxd.com/film/winter-light/
Watchmen (2019),4.25,https://letterboxd.com/film/watchmen-2019/
Much Ado About Nothing (2011),4.25,https://letterboxd.com/film/much-ado-about-nothing-2011/
Tropico (2013),4.25,https://letterboxd.com/film/tropico/
Pulp Fiction (1994),4.25,https://letterboxd.com/film/pulp-fiction/
Ice Merchants (2022),4.25,https://letterboxd.com/film/ice-merchants/
Metropolis (1927),4.25,https://letterboxd.com/film/metropolis/
Hamilton (2020),4.25,https://letterboxd.com/film/hamilton-2020/
Bring the Soul: The Movie (2019),4.25,https://letterboxd.com/film/bring-the-soul-the-movie/
LIGHT & MAGIC (2022),4.25,https://letterboxd.com/film/light-magic-2022/
PAPOTA (2025),4.25,https://letterboxd.com/film/papota/
The Voice of Hind Rajab (2025),4.25,https://letterboxd.com/film/the-voice-of-hind-rajab/
Saving Private Ryan (1998),4.25,https://letterboxd.com/film/saving-private-ryan/
The First Slam Dunk (2022),4.25,https://letterboxd.com/film/the-first-slam-dunk/
Il Sorpasso (1962),4.25,https://letterboxd.com/film/il-sorpasso/
Homeland: Iraq Year Zero (2015),4.24,https://letterboxd.com/film/homeland-iraq-year-zero/
5 Broken Cameras (2011),4.24,https://letterboxd.com/film/5-broken-cameras/
The Third Man (1949),4.24,https://letterboxd.com/film/the-third-man/
Mobile Suit Gundam 0080: War in the Pocket (1989),4.24,https://letterboxd.com/film/mobile-suit-gundam-0080-war-in-the-pocket/
Sweet Smell of Success (1957),4.24,https://letterboxd.com/film/sweet-smell-of-success/
The Grand Budapest Hotel (2014),4.24,https://letterboxd.com/film/the-grand-budapest-hotel/
Gaga Chromatica Ball (2024),4.24,https://letterboxd.com/film/gaga-chromatica-ball-2024/
Anatomy of a Murder (1959),4.24,https://letterboxd.com/film/anatomy-of-a-murder/
BTS: Burn the Stage (2018),4.24,https://letterboxd.com/film/bts-burn-the-stage/
No One Will Miss Us (2024),4.24,https://letterboxd.com/film/no-one-will-miss-us-2024/
The Face of Another (1966),4.24,https://letterboxd.com/film/the-face-of-another/
Kes (1969),4.24,https://letterboxd.com/film/kes/
Voices Through Time (1996),4.24,https://letterboxd.com/film/voices-through-time/
The Bridge on the River Kwai (1957),4.24,https://letterboxd.com/film/the-bridge-on-the-river-kwai/
Marcel the Shell with Shoes On (2021),4.24,https://letterboxd.com/film/marcel-the-shell-with-shoes-on-2021/
Eternal Sunshine of the Spotless Mind (2004),4.24,https://letterboxd.com/film/eternal-sunshine-of-the-spotless-mind/
Harry Styles at the BBC (2017),4.24,https://letterboxd.com/film/harry-styles-at-the-bbc/
The New Land (1972),4.24,https://letterboxd.com/film/the-new-land/
Samurai X: Trust & Betrayal (1999),4.24,https://letterboxd.com/film/rurouni-kenshin-trust-and-betrayal/
Les Misérables: 10th Anniversary Concert at the Royal Albert Hall (1995),4.24,https://letterboxd.com/film/les-miserables-10th-anniversary-concert-at-the-royal-albert-hall/
Scotch Mist: A Film with Radiohead in It (2007),4.24,https://letterboxd.com/film/scotch-mist-a-film-with-radiohead-in-it/
Samsara (2011),4.24,https://letterboxd.com/film/samsara-2011/
I Am So Proud of You (2008),4.24,https://letterboxd.com/film/i-am-so-proud-of-you/
Still Life (1974),4.24,https://letterboxd.com/film/still-life-1974/
The Best Years of Our Lives (1946),4.24,https://letterboxd.com/film/the-best-years-of-our-lives/
Cunk on Britain (2018),4.24,https://letterboxd.com/film/cunk-on-britain/
Heaven Official's Blessing (2020),4.24,https://letterboxd.com/film/heaven-officials-blessing/
"4 Months, 3 Weeks and 2 Days (2007)",4.24,https://letterboxd.com/film/4-months-3-weeks-and-2-days/
Michael Jackson: Live in Bucharest - The Dangerous Tour (1992),4.24,https://letterboxd.com/film/michael-jackson-live-in-bucharest-the-dangerous-tour/
The Holdovers (2023),4.24,https://letterboxd.com/film/the-holdovers/
The Last Waltz (1978),4.24,https://letterboxd.com/film/the-last-waltz/
Happy Hour (2015),4.24,https://letterboxd.com/film/happy-hour-2015-1/
The Night Of (2016),4.24,https://letterboxd.com/film/the-night-of/
The Weeknd: Live at SoFi Stadium (2023),4.24,https://letterboxd.com/film/the-weeknd-live-at-sofi-stadium/
Tokyo Godfathers (2003),4.24,https://letterboxd.com/film/tokyo-godfathers/
The King of Comedy (1982),4.24,https://letterboxd.com/film/the-king-of-comedy/
Napoleon (1927),4.24,https://letterboxd.com/film/napoleon/
The Big City (1963),4.24,https://letterboxd.com/film/the-big-city/
Louis Theroux: The Settlers (2025),4.24,https://letterboxd.com/film/louis-theroux-the-settlers/
5 Seconds of Summer: The Feeling of Falling Upwards - Live from Royal Albert Hall (2022),4.24,https://letterboxd.com/film/5-seconds-of-summer-the-feeling-of-falling-upwards-live-from-royal-albert-hall/
The Disappearance of Haruhi Suzumiya (2010),4.24,https://letterboxd.com/film/the-disappearance-of-haruhi-suzumiya/
Twins in Paradise (2020),4.24,https://letterboxd.com/film/twins-in-paradise/
Larry David: Curb Your Enthusiasm (1999),4.24,https://letterboxd.com/film/larry-david-curb-your-enthusiasm/
Kwaidan (1964),4.24,https://letterboxd.com/film/kwaidan/
The Queen's Gambit (2020),4.23,https://letterboxd.com/film/the-queens-gambit/
Rabbit of Seville (1950),4.23,https://letterboxd.com/film/rabbit-of-seville/
My True Brilliant Friend (2018),4.23,https://letterboxd.com/film/my-true-brilliant-friend/
"Quo Vadis, Aida? (2020)",4.23,https://letterboxd.com/film/quo-vadis-aida/
Once Upon a Time in Iraq (2020),4.23,https://letterboxd.com/film/once-upon-a-time-in-iraq/
Grounded: Making The Last of Us (2013),4.23,https://letterboxd.com/film/grounded-making-the-last-of-us/
Children of Shatila (1998),4.23,https://letterboxd.com/film/children-of-shatila/
The Lovers on the Bridge (1991),4.23,https://letterboxd.com/film/the-lovers-on-the-bridge/
Weightlifting Fairy Kim Bok-joo (2016),4.23,https://letterboxd.com/film/weightlifting-fairy-kim-bok-joo/
JUNG KOOK: I AM STILL (2024),4.23,https://letterboxd.com/film/jung-kook-i-am-still/
Once Upon a Time in Northern Ireland (2023),4.23,https://letterboxd.com/film/once-upon-a-time-in-northern-ireland/
Sherlock: A Study in Pink (2010),4.23,https://letterboxd.com/film/sherlock-a-study-in-pink/
Brideshead Revisited (1981),4.23,https://letterboxd.com/film/brideshead-revisited-1981/
The Bob Emergency (2019),4.23,https://letterboxd.com/film/the-bob-emergency/
An Autumn Afternoon (1962),4.23,https://letterboxd.com/film/an-autumn-afternoon/
The Story of Film: An Odyssey (2011),4.23,https://letterboxd.com/film/the-story-of-film-an-odyssey-2011/
A Moment of Innocence (1996),4.23,https://letterboxd.com/film/a-moment-of-innocence/
Poetry (2010),4.23,https://letterboxd.com/film/poetry/
Son of the White Mare (1981),4.23,https://letterboxd.com/film/son-of-the-white-mare/
BEEF (2023),4.23,https://letterboxd.com/film/beef-2023/
